Time,Header.seq,Header.stamp.secs,Header.stamp.nsecs,Header.frame_id,Latitude,Longitude,Altitude,HDOP,UTM_easting,UTM_northing,UTC,Zone,Letter
1675467633.58929,0,85237,0,GPS1_Frame,42.20331100000001,-71.052921,22.1,2.0,330520.6388264653,4674390.110980733,0.0,19,T
1675467634.588794,0,85238,0,GPS1_Frame,42.20331100000001,-71.052921,22.1,2.0,330520.6388264653,4674390.110980733,0.0,19,T
1675467635.5887113,0,85239,0,GPS1_Frame,42.20331100000001,-71.052921,22.1,2.0,330520.6388264653,4674390.110980733,0.0,19,T
1675467636.5879858,0,85240,0,GPS1_Frame,42.20331100000001,-71.052919,22.2,2.0,330520.8039439266,4674390.107004738,0.0,19,T
1675467637.5901136,0,85241,0,GPS1_Frame,42.20331,-71.05291799999999,22.3,2.0,330520.88382884045,4674389.99397687,0.0,19,T
1675467638.5887926,0,85242,0,GPS1_Frame,42.20331,-71.05291799999999,22.3,2.0,330520.88382884045,4674389.99397687,0.0,19,T
1675467639.5908308,0,85243,0,GPS1_Frame,42.20331,-71.052917,22.3,2.0,330520.96638757456,4674389.991988875,0.0,19,T
1675467640.5882676,0,85244,0,GPS1_Frame,42.20331,-71.052916,22.3,2.0,330521.04894630436,4674389.990000881,0.0,19,T
1675467641.588453,0,85245,0,GPS1_Frame,42.20331,-71.052916,22.3,2.0,330521.04894630436,4674389.990000881,0.0,19,T
1675467642.5890832,0,85246,0,GPS1_Frame,42.20331,-71.052916,22.3,2.0,330521.04894630436,4674389.990000881,0.0,19,T
1675467643.5887322,0,85247,0,GPS1_Frame,42.20331,-71.052914,22.5,2.0,330521.2140637682,4674389.986024897,0.0,19,T
1675467644.624378,0,85248,0,GPS1_Frame,42.20331,-71.052914,22.5,2.0,330521.2140637682,4674389.986024897,0.0,19,T
1675467645.589314,0,85249,0,GPS1_Frame,42.20331,-71.052914,22.5,2.0,330521.2140637682,4674389.986024897,0.0,19,T
1675467646.5885801,0,85250,0,GPS1_Frame,42.20331,-71.052914,22.5,2.0,330521.2140637682,4674389.986024897,0.0,19,T
1675467647.5849526,0,85251,0,GPS1_Frame,42.20331,-71.052914,22.4,3.9,330521.2140637682,4674389.986024897,0.0,19,T
1675467648.5909214,0,85252,0,GPS1_Frame,42.20331,-71.052914,22.4,2.0,330521.2140637682,4674389.986024897,0.0,19,T
1675467649.5892322,0,85253,0,GPS1_Frame,42.20331,-71.052914,22.4,2.0,330521.2140637682,4674389.986024897,0.0,19,T
1675467650.5888705,0,85254,0,GPS1_Frame,42.20331,-71.052914,22.4,2.0,330521.2140637682,4674389.986024897,0.0,19,T
1675467651.5898418,0,85255,0,GPS1_Frame,42.20331,-71.052914,22.4,2.0,330521.2140637682,4674389.986024897,0.0,19,T
1675467652.5890098,0,85256,0,GPS1_Frame,42.20331,-71.052914,22.4,2.0,330521.2140637682,4674389.986024897,0.0,19,T
1675467653.6234162,0,85257,0,GPS1_Frame,42.20331100000001,-71.05291299999999,22.5,2.0,330521.2992963083,4674390.095076778,0.0,19,T
1675467654.590671,0,85258,0,GPS1_Frame,42.20331100000001,-71.05291299999999,22.5,2.0,330521.2992963083,4674390.095076778,0.0,19,T
1675467655.5905223,0,85259,0,GPS1_Frame,42.20331100000001,-71.05291299999999,22.5,2.0,330521.2992963083,4674390.095076778,0.0,19,T
1675467656.5916042,0,85260,0,GPS1_Frame,42.20331100000001,-71.05291299999999,22.5,2.0,330521.2992963083,4674390.095076778,0.0,19,T
1675467657.590222,0,85261,0,GPS1_Frame,42.20331100000001,-71.05291299999999,22.5,2.0,330521.2992963083,4674390.095076778,0.0,19,T
1675467658.5888624,0,85262,0,GPS1_Frame,42.20331100000001,-71.05291199999999,22.5,2.0,330521.3818550389,4674390.093088789,0.0,19,T
1675467659.625609,0,85263,0,GPS1_Frame,42.20331,-71.052911,22.5,2.0,330521.4617399619,4674389.980060927,0.0,19,T
1675467660.5882385,0,85264,0,GPS1_Frame,42.20331,-71.052911,22.4,2.0,330521.4617399619,4674389.980060927,0.0,19,T
1675467661.624536,0,85265,0,GPS1_Frame,42.20331,-71.052911,22.4,2.0,330521.4617399619,4674389.980060927,0.0,19,T
1675467662.5884032,0,85266,0,GPS1_Frame,42.20331,-71.05291000000001,22.5,2.0,330521.54429869173,4674389.9780729385,0.0,19,T
1675467663.5902855,0,85267,0,GPS1_Frame,42.20331,-71.05291000000001,22.5,2.0,330521.54429869173,4674389.9780729385,0.0,19,T
1675467664.5899267,0,85268,0,GPS1_Frame,42.20331,-71.05291000000001,22.5,2.0,330521.54429869173,4674389.9780729385,0.0,19,T
1675467665.5899289,0,85269,0,GPS1_Frame,42.20331,-71.05291000000001,22.5,2.0,330521.54429869173,4674389.9780729385,0.0,19,T
1675467666.5893216,0,85270,0,GPS1_Frame,42.20331,-71.05291000000001,22.5,2.0,330521.54429869173,4674389.9780729385,0.0,19,T
1675467667.5899312,0,85271,0,GPS1_Frame,42.20331,-71.05291000000001,22.5,2.0,330521.54429869173,4674389.9780729385,0.0,19,T
1675467668.6268783,0,85272,0,GPS1_Frame,42.20331,-71.05291000000001,22.5,2.0,330521.54429869173,4674389.9780729385,0.0,19,T
1675467669.590784,0,85273,0,GPS1_Frame,42.20331,-71.05291000000001,22.5,2.0,330521.54429869173,4674389.9780729385,0.0,19,T
1675467670.590476,0,85274,0,GPS1_Frame,42.20331,-71.05291000000001,22.5,2.0,330521.54429869173,4674389.9780729385,0.0,19,T
1675467671.5895085,0,85275,0,GPS1_Frame,42.20331,-71.05291000000001,22.5,2.0,330521.54429869173,4674389.9780729385,0.0,19,T
1675467672.5898333,0,85276,0,GPS1_Frame,42.20331,-71.05291000000001,22.5,2.0,330521.54429869173,4674389.9780729385,0.0,19,T
1675467673.5891588,0,85277,0,GPS1_Frame,42.20331,-71.05291000000001,22.5,2.0,330521.54429869173,4674389.9780729385,0.0,19,T
1675467674.5881019,0,85278,0,GPS1_Frame,42.20331,-71.05291000000001,22.5,2.0,330521.54429869173,4674389.9780729385,0.0,19,T
1675467675.589908,0,85279,0,GPS1_Frame,42.20331,-71.05291000000001,22.5,2.0,330521.54429869173,4674389.9780729385,0.0,19,T
1675467676.5895388,0,85280,0,GPS1_Frame,42.20331,-71.05291000000001,22.5,2.0,330521.54429869173,4674389.9780729385,0.0,19,T
1675467677.5891476,0,85281,0,GPS1_Frame,42.20331,-71.05291000000001,22.5,2.0,330521.54429869173,4674389.9780729385,0.0,19,T
1675467678.5900466,0,85282,0,GPS1_Frame,42.20331,-71.05291000000001,22.5,2.0,330521.54429869173,4674389.9780729385,0.0,19,T
1675467679.5899122,0,85283,0,GPS1_Frame,42.20331,-71.05291000000001,22.5,2.0,330521.54429869173,4674389.9780729385,0.0,19,T
1675467680.59213,0,85284,0,GPS1_Frame,42.20331,-71.05291000000001,22.5,1.9,330521.54429869173,4674389.9780729385,0.0,19,T
1675467681.5919302,0,85285,0,GPS1_Frame,42.20331,-71.05291000000001,22.5,1.9,330521.54429869173,4674389.9780729385,0.0,19,T
1675467682.5916312,0,85286,0,GPS1_Frame,42.20331,-71.05291000000001,22.4,1.9,330521.54429869173,4674389.9780729385,0.0,19,T
1675467683.5919042,0,85287,0,GPS1_Frame,42.20331,-71.05291000000001,22.4,1.9,330521.54429869173,4674389.9780729385,0.0,19,T
1675467684.591922,0,85288,0,GPS1_Frame,42.20331,-71.05291000000001,22.4,1.9,330521.54429869173,4674389.9780729385,0.0,19,T
1675467685.5916154,0,85289,0,GPS1_Frame,42.20331,-71.05291000000001,22.4,1.9,330521.54429869173,4674389.9780729385,0.0,19,T
1675467686.5909748,0,85290,0,GPS1_Frame,42.20331,-71.05291000000001,22.4,1.9,330521.54429869173,4674389.9780729385,0.0,19,T
1675467687.5918212,0,85291,0,GPS1_Frame,42.20331,-71.05291000000001,22.4,1.9,330521.54429869173,4674389.9780729385,0.0,19,T
1675467688.592578,0,85292,0,GPS1_Frame,42.20331,-71.05291000000001,22.4,1.9,330521.54429869173,4674389.9780729385,0.0,19,T
1675467689.5915668,0,85293,0,GPS1_Frame,42.20331,-71.05291000000001,22.4,1.9,330521.54429869173,4674389.9780729385,0.0,19,T
1675467690.5907564,0,85294,0,GPS1_Frame,42.20331,-71.05291000000001,22.4,1.9,330521.54429869173,4674389.9780729385,0.0,19,T
1675467691.5943854,0,85295,0,GPS1_Frame,42.20331,-71.05291000000001,22.4,1.9,330521.54429869173,4674389.9780729385,0.0,19,T
1675467692.593598,0,85296,0,GPS1_Frame,42.20331,-71.05291000000001,22.4,1.9,330521.54429869173,4674389.9780729385,0.0,19,T
1675467693.5935626,0,85297,0,GPS1_Frame,42.20331,-71.05291000000001,22.4,1.9,330521.54429869173,4674389.9780729385,0.0,19,T
1675467694.6284573,0,85298,0,GPS1_Frame,42.20331,-71.05291000000001,22.4,1.9,330521.54429869173,4674389.9780729385,0.0,19,T
1675467695.5935059,0,85299,0,GPS1_Frame,42.20331,-71.05291000000001,22.4,1.9,330521.54429869173,4674389.9780729385,0.0,19,T
1675467696.5946488,0,85300,0,GPS1_Frame,42.20331,-71.05291000000001,22.4,1.9,330521.54429869173,4674389.9780729385,0.0,19,T
1675467697.5930874,0,85301,0,GPS1_Frame,42.20331,-71.05291000000001,22.4,1.9,330521.54429869173,4674389.9780729385,0.0,19,T
1675467698.5929239,0,85302,0,GPS1_Frame,42.20331,-71.05291000000001,22.4,1.9,330521.54429869173,4674389.9780729385,0.0,19,T
1675467699.5933278,0,85303,0,GPS1_Frame,42.20331,-71.05291000000001,22.4,2.0,330521.54429869173,4674389.9780729385,0.0,19,T
1675467700.5920806,0,85304,0,GPS1_Frame,42.20331,-71.05291000000001,22.4,2.0,330521.54429869173,4674389.9780729385,0.0,19,T
1675467701.5915577,0,85305,0,GPS1_Frame,42.20331,-71.05291000000001,22.4,2.0,330521.54429869173,4674389.9780729385,0.0,19,T
1675467702.5910957,0,85306,0,GPS1_Frame,42.20331,-71.05291000000001,22.4,2.0,330521.54429869173,4674389.9780729385,0.0,19,T
1675467703.5916202,0,85307,0,GPS1_Frame,42.20331,-71.05291000000001,22.4,2.0,330521.54429869173,4674389.9780729385,0.0,19,T
1675467704.6273527,0,85308,0,GPS1_Frame,42.203309,-71.05291000000001,22.4,2.0,330521.5416248876,4674389.867033066,0.0,19,T
1675467705.5926306,0,85309,0,GPS1_Frame,42.203309,-71.05291000000001,22.4,1.9,330521.5416248876,4674389.867033066,0.0,19,T
1675467706.592568,0,85310,0,GPS1_Frame,42.203309,-71.05291000000001,22.4,1.9,330521.5416248876,4674389.867033066,0.0,19,T
1675467707.5924895,0,85311,0,GPS1_Frame,42.203309,-71.05291000000001,22.4,1.9,330521.5416248876,4674389.867033066,0.0,19,T
1675467708.5930839,0,85312,0,GPS1_Frame,42.203309,-71.05291000000001,22.4,1.9,330521.5416248876,4674389.867033066,0.0,19,T
1675467709.5925796,0,85313,0,GPS1_Frame,42.203307,-71.052911,22.0,1.9,330521.45371854573,4674389.64694131,0.0,19,T
1675467710.6280968,0,85314,0,GPS1_Frame,42.203307,-71.052911,22.0,1.9,330521.45371854573,4674389.64694131,0.0,19,T
1675467711.5928078,0,85315,0,GPS1_Frame,42.203306000000005,-71.05291000000001,22.0,1.9,330521.53360347543,4674389.533913451,0.0,19,T
1675467712.6278837,0,85316,0,GPS1_Frame,42.203305,-71.05291199999999,21.2,1.9,330521.36581219884,4674389.426849554,0.0,19,T
1675467713.5931711,0,85317,0,GPS1_Frame,42.203303,-71.05291199999999,20.8,1.9,330521.3604645858,4674389.204769809,0.0,19,T
1675467714.5915363,0,85318,0,GPS1_Frame,42.203303,-71.05291199999999,20.8,1.9,330521.3604645858,4674389.204769809,0.0,19,T
1675467715.591643,0,85319,0,GPS1_Frame,42.203303,-71.05291199999999,20.8,1.9,330521.3604645858,4674389.204769809,0.0,19,T
1675467716.592102,0,85320,0,GPS1_Frame,42.203303,-71.05291199999999,20.8,1.9,330521.3604645858,4674389.204769809,0.0,19,T
1675467717.5923603,0,85321,0,GPS1_Frame,42.203303,-71.05291199999999,20.8,1.9,330521.3604645858,4674389.204769809,0.0,19,T
1675467718.591928,0,85322,0,GPS1_Frame,42.203303,-71.05291199999999,20.8,1.9,330521.3604645858,4674389.204769809,0.0,19,T
1675467719.6277044,0,85323,0,GPS1_Frame,42.203302,-71.052911,20.8,1.9,330521.4403495197,4674389.091741949,0.0,19,T
1675467720.5915377,0,85324,0,GPS1_Frame,42.203298000000004,-71.052907,20.8,1.9,330521.7598892901,4674388.639630514,0.0,19,T
1675467721.591175,0,85325,0,GPS1_Frame,42.203296,-71.052907,20.5,1.9,330521.7545416908,4674388.417550771,0.0,19,T
1675467722.5926218,0,85326,0,GPS1_Frame,42.203296,-71.052907,20.5,1.9,330521.7545416908,4674388.417550771,0.0,19,T
1675467723.5941446,0,85327,0,GPS1_Frame,42.203296,-71.052907,20.5,1.9,330521.7545416908,4674388.417550771,0.0,19,T
1675467724.5948644,0,85328,0,GPS1_Frame,42.203296,-71.052907,20.5,1.9,330521.7545416908,4674388.417550771,0.0,19,T
1675467725.593538,0,85329,0,GPS1_Frame,42.203296,-71.052907,20.5,1.9,330521.7545416908,4674388.417550771,0.0,19,T
1675467726.5928073,0,85330,0,GPS1_Frame,42.203296,-71.052907,20.4,1.9,330521.7545416908,4674388.417550771,0.0,19,T
1675467727.5940628,0,85331,0,GPS1_Frame,42.203296,-71.052907,20.4,1.9,330521.7545416908,4674388.417550771,0.0,19,T
1675467728.593928,0,85332,0,GPS1_Frame,42.203296,-71.052907,20.4,1.9,330521.7545416908,4674388.417550771,0.0,19,T
1675467729.5948222,0,85333,0,GPS1_Frame,42.203296,-71.052907,20.4,1.9,330521.7545416908,4674388.417550771,0.0,19,T
1675467730.592936,0,85334,0,GPS1_Frame,42.203296,-71.052907,20.4,1.9,330521.7545416908,4674388.417550771,0.0,19,T
1675467731.5932224,0,85335,0,GPS1_Frame,42.203296,-71.052907,20.4,1.9,330521.7545416908,4674388.417550771,0.0,19,T
1675467732.593748,0,85336,0,GPS1_Frame,42.203296,-71.052907,20.4,1.9,330521.7545416908,4674388.417550771,0.0,19,T
1675467733.5927126,0,85337,0,GPS1_Frame,42.203296,-71.052907,20.4,2.0,330521.7545416908,4674388.417550771,0.0,19,T
1675467734.593806,0,85338,0,GPS1_Frame,42.203296,-71.052907,20.4,1.9,330521.7545416908,4674388.417550771,0.0,19,T
1675467735.5943666,0,85339,0,GPS1_Frame,42.203296,-71.052907,20.4,1.9,330521.7545416908,4674388.417550771,0.0,19,T
1675467736.5939584,0,85340,0,GPS1_Frame,42.203296,-71.052907,20.4,1.9,330521.7545416908,4674388.417550771,0.0,19,T
1675467737.593003,0,85341,0,GPS1_Frame,42.203296,-71.052907,20.4,1.9,330521.7545416908,4674388.417550771,0.0,19,T
1675467738.5933034,0,85342,0,GPS1_Frame,42.203296,-71.052907,20.4,1.9,330521.7545416908,4674388.417550771,0.0,19,T
1675467739.5935853,0,85343,0,GPS1_Frame,42.203296,-71.052907,20.4,1.9,330521.7545416908,4674388.417550771,0.0,19,T
1675467740.5938318,0,85344,0,GPS1_Frame,42.203296,-71.05290799999999,20.4,1.9,330521.67198294064,4674388.419538756,0.0,19,T
1675467741.592449,0,85345,0,GPS1_Frame,42.203296,-71.05290799999999,20.4,1.9,330521.67198294064,4674388.419538756,0.0,19,T
1675467742.5925322,0,85346,0,GPS1_Frame,42.203296,-71.05290799999999,20.4,1.9,330521.67198294064,4674388.419538756,0.0,19,T
1675467743.592736,0,85347,0,GPS1_Frame,42.203296,-71.05290799999999,20.4,1.9,330521.67198294064,4674388.419538756,0.0,19,T
1675467744.5932646,0,85348,0,GPS1_Frame,42.203296,-71.05290799999999,20.4,1.9,330521.67198294064,4674388.419538756,0.0,19,T
1675467745.628272,0,85349,0,GPS1_Frame,42.203296,-71.05290799999999,20.4,1.9,330521.67198294064,4674388.419538756,0.0,19,T
1675467746.5933912,0,85350,0,GPS1_Frame,42.203296,-71.052907,20.4,2.0,330521.7545416908,4674388.417550771,0.0,19,T
1675467747.5938268,0,85351,0,GPS1_Frame,42.203296,-71.052907,20.4,1.9,330521.7545416908,4674388.417550771,0.0,19,T
1675467748.5934262,0,85352,0,GPS1_Frame,42.203296,-71.052907,20.4,1.9,330521.7545416908,4674388.417550771,0.0,19,T
1675467749.5931401,0,85353,0,GPS1_Frame,42.203296,-71.052907,20.4,1.9,330521.7545416908,4674388.417550771,0.0,19,T
1675467750.5935898,0,85354,0,GPS1_Frame,42.203296,-71.052907,20.4,1.9,330521.7545416908,4674388.417550771,0.0,19,T
1675467751.5932374,0,85355,0,GPS1_Frame,42.203296,-71.052907,20.4,1.9,330521.7545416908,4674388.417550771,0.0,19,T
1675467752.5934157,0,85356,0,GPS1_Frame,42.203296,-71.052907,20.4,1.9,330521.7545416908,4674388.417550771,0.0,19,T
1675467753.5936253,0,85357,0,GPS1_Frame,42.203296,-71.052907,20.4,1.9,330521.7545416908,4674388.417550771,0.0,19,T
1675467754.5931354,0,85358,0,GPS1_Frame,42.203296,-71.052907,20.4,1.9,330521.7545416908,4674388.417550771,0.0,19,T
1675467755.628871,0,85359,0,GPS1_Frame,42.203296,-71.052907,20.4,1.9,330521.7545416908,4674388.417550771,0.0,19,T
1675467756.5929034,0,85360,0,GPS1_Frame,42.203296,-71.052907,20.4,1.9,330521.7545416908,4674388.417550771,0.0,19,T
1675467757.5931723,0,85361,0,GPS1_Frame,42.203296,-71.052907,20.4,1.9,330521.7545416908,4674388.417550771,0.0,19,T
1675467758.5937011,0,85362,0,GPS1_Frame,42.203296,-71.052907,20.4,1.9,330521.7545416908,4674388.417550771,0.0,19,T
1675467759.5950956,0,85363,0,GPS1_Frame,42.203296,-71.052907,20.4,1.9,330521.7545416908,4674388.417550771,0.0,19,T
1675467760.5942125,0,85364,0,GPS1_Frame,42.203296,-71.052907,20.4,1.9,330521.7545416908,4674388.417550771,0.0,19,T
1675467761.629395,0,85365,0,GPS1_Frame,42.203295,-71.052907,20.4,1.9,330521.7518678913,4674388.306510898,0.0,19,T
1675467766.2324584,0,85366,0,GPS1_Frame,42.203295,-71.052907,20.4,1.9,330521.7518678913,4674388.306510898,0.0,19,T
1675467767.196323,0,85367,0,GPS1_Frame,42.203295,-71.052907,20.4,1.9,330521.7518678913,4674388.306510898,0.0,19,T
1675467768.1958783,0,85368,0,GPS1_Frame,42.203295,-71.052907,20.4,1.9,330521.7518678913,4674388.306510898,0.0,19,T
1675467769.1957273,0,85369,0,GPS1_Frame,42.203295,-71.052907,20.4,1.9,330521.7518678913,4674388.306510898,0.0,19,T
1675467770.1952553,0,85370,0,GPS1_Frame,42.203295,-71.052907,20.4,1.9,330521.7518678913,4674388.306510898,0.0,19,T
1675467771.1964579,0,85371,0,GPS1_Frame,42.203295,-71.052907,20.4,2.0,330521.7518678913,4674388.306510898,0.0,19,T
1675467772.1969666,0,85372,0,GPS1_Frame,42.203295,-71.052907,20.4,1.9,330521.7518678913,4674388.306510898,0.0,19,T
1675467773.232769,0,85373,0,GPS1_Frame,42.203295,-71.052907,20.4,1.9,330521.7518678913,4674388.306510898,0.0,19,T
1675467774.1967645,0,85374,0,GPS1_Frame,42.203295,-71.052907,20.4,1.9,330521.7518678913,4674388.306510898,0.0,19,T
1675467775.1977668,0,85375,0,GPS1_Frame,42.203295,-71.052907,20.4,1.9,330521.7518678913,4674388.306510898,0.0,19,T
1675467776.19739,0,85376,0,GPS1_Frame,42.203295,-71.052907,20.4,1.9,330521.7518678913,4674388.306510898,0.0,19,T
1675467777.1971397,0,85377,0,GPS1_Frame,42.203295,-71.052907,20.4,1.9,330521.7518678913,4674388.306510898,0.0,19,T
1675467778.197353,0,85378,0,GPS1_Frame,42.203295,-71.052907,20.4,1.9,330521.7518678913,4674388.306510898,0.0,19,T
1675467779.1965532,0,85379,0,GPS1_Frame,42.203295,-71.052907,20.4,1.9,330521.7518678913,4674388.306510898,0.0,19,T
1675467780.1968997,0,85380,0,GPS1_Frame,42.203295,-71.052907,20.5,1.9,330521.7518678913,4674388.306510898,0.0,19,T
1675467781.1971145,0,85381,0,GPS1_Frame,42.203295,-71.052907,20.5,1.9,330521.7518678913,4674388.306510898,0.0,19,T
1675467782.1961224,0,85382,0,GPS1_Frame,42.203295,-71.052907,20.5,1.9,330521.7518678913,4674388.306510898,0.0,19,T
1675467783.1961553,0,85383,0,GPS1_Frame,42.203295,-71.052907,20.5,1.9,330521.7518678913,4674388.306510898,0.0,19,T
1675467784.196171,0,85384,0,GPS1_Frame,42.203295,-71.052907,20.5,1.9,330521.7518678913,4674388.306510898,0.0,19,T
1675467785.1960976,0,85385,0,GPS1_Frame,42.203295,-71.052907,20.5,1.9,330521.7518678913,4674388.306510898,0.0,19,T
1675467786.196088,0,85386,0,GPS1_Frame,42.203295,-71.052907,20.4,1.9,330521.7518678913,4674388.306510898,0.0,19,T
1675467787.196573,0,85387,0,GPS1_Frame,42.203295,-71.052907,20.4,1.9,330521.7518678913,4674388.306510898,0.0,19,T
1675467788.19593,0,85388,0,GPS1_Frame,42.203295,-71.052907,20.4,1.9,330521.7518678913,4674388.306510898,0.0,19,T
1675467789.1958086,0,85389,0,GPS1_Frame,42.203295,-71.052907,20.4,1.9,330521.7518678913,4674388.306510898,0.0,19,T
1675467790.194717,0,85390,0,GPS1_Frame,42.203295,-71.052907,20.4,1.9,330521.7518678913,4674388.306510898,0.0,19,T
1675467791.1951888,0,85391,0,GPS1_Frame,42.203295,-71.052907,20.4,1.9,330521.7518678913,4674388.306510898,0.0,19,T
1675467792.1958742,0,85392,0,GPS1_Frame,42.203295,-71.052907,20.4,1.9,330521.7518678913,4674388.306510898,0.0,19,T
1675467793.1951272,0,85393,0,GPS1_Frame,42.203295,-71.052907,20.4,1.9,330521.7518678913,4674388.306510898,0.0,19,T
1675467794.1952946,0,85394,0,GPS1_Frame,42.203295,-71.052907,20.4,1.9,330521.7518678913,4674388.306510898,0.0,19,T
1675467795.1955018,0,85395,0,GPS1_Frame,42.203295,-71.052907,20.4,1.9,330521.7518678913,4674388.306510898,0.0,19,T
1675467796.195554,0,85396,0,GPS1_Frame,42.203295,-71.052907,20.4,1.9,330521.7518678913,4674388.306510898,0.0,19,T
1675467797.195498,0,85397,0,GPS1_Frame,42.203295,-71.052907,20.4,1.9,330521.7518678913,4674388.306510898,0.0,19,T
1675467798.1956906,0,85398,0,GPS1_Frame,42.203295,-71.052907,20.4,1.9,330521.7518678913,4674388.306510898,0.0,19,T
1675467799.2349668,0,85399,0,GPS1_Frame,42.203295,-71.052907,20.4,1.9,330521.7518678913,4674388.306510898,0.0,19,T
1675467800.2012877,0,85400,0,GPS1_Frame,42.203295,-71.052907,20.4,1.9,330521.7518678913,4674388.306510898,0.0,19,T
1675467801.2037077,0,85401,0,GPS1_Frame,42.203295,-71.052907,20.4,1.9,330521.7518678913,4674388.306510898,0.0,19,T
1675467802.2048347,0,85402,0,GPS1_Frame,42.203295,-71.052907,20.4,1.9,330521.7518678913,4674388.306510898,0.0,19,T
1675467803.2074664,0,85403,0,GPS1_Frame,42.203295,-71.052907,20.4,1.9,330521.7518678913,4674388.306510898,0.0,19,T
1675467804.209913,0,85404,0,GPS1_Frame,42.203295,-71.052907,20.4,1.9,330521.7518678913,4674388.306510898,0.0,19,T
1675467805.2126248,0,85405,0,GPS1_Frame,42.203295,-71.05290799999999,20.4,1.9,330521.66930913983,4674388.308498884,0.0,19,T
1675467806.2136865,0,85406,0,GPS1_Frame,42.203295,-71.05290799999999,20.4,1.9,330521.66930913983,4674388.308498884,0.0,19,T
1675467807.215864,0,85407,0,GPS1_Frame,42.203295,-71.05290799999999,20.4,1.9,330521.66930913983,4674388.308498884,0.0,19,T
1675467808.218456,0,85408,0,GPS1_Frame,42.203295,-71.05290799999999,20.4,1.9,330521.66930913983,4674388.308498884,0.0,19,T
1675467809.2198703,0,85409,0,GPS1_Frame,42.203295,-71.05290799999999,20.4,1.9,330521.66930913983,4674388.308498884,0.0,19,T
1675467810.2567086,0,85410,0,GPS1_Frame,42.203292000000005,-71.052909,20.5,1.9,330521.57872898236,4674387.977367255,0.0,19,T
1675467811.2241673,0,85411,0,GPS1_Frame,42.203292000000005,-71.052909,20.5,1.9,330521.57872898236,4674387.977367255,0.0,19,T
1675467812.224657,0,85412,0,GPS1_Frame,42.203292000000005,-71.052909,20.5,1.9,330521.57872898236,4674387.977367255,0.0,19,T
1675467813.2248776,0,85413,0,GPS1_Frame,42.203291,-71.052909,20.6,1.9,330521.5760551805,4674387.866327383,0.0,19,T
1675467814.2264936,0,85414,0,GPS1_Frame,42.203289999999996,-71.05291000000001,20.6,1.9,330521.4908226185,4674387.757275497,0.0,19,T
1675467815.2285266,0,85415,0,GPS1_Frame,42.203288,-71.05291000000001,20.6,1.9,330521.48547501233,4674387.535195754,0.0,19,T
1675467816.2287524,0,85416,0,GPS1_Frame,42.203288,-71.05291000000001,20.6,2.0,330521.48547501233,4674387.535195754,0.0,19,T
1675467817.2313316,0,85417,0,GPS1_Frame,42.203288,-71.05291000000001,20.6,1.9,330521.48547501233,4674387.535195754,0.0,19,T
1675467818.2316213,0,85418,0,GPS1_Frame,42.203288,-71.05291000000001,20.6,1.9,330521.48547501233,4674387.535195754,0.0,19,T
1675467819.2329547,0,85419,0,GPS1_Frame,42.203288,-71.05291000000001,20.6,1.9,330521.48547501233,4674387.535195754,0.0,19,T
1675467820.2692719,0,85420,0,GPS1_Frame,42.203288,-71.05291000000001,20.6,1.9,330521.48547501233,4674387.535195754,0.0,19,T
1675467821.2715235,0,85421,0,GPS1_Frame,42.203288,-71.05291000000001,20.6,1.9,330521.48547501233,4674387.535195754,0.0,19,T
1675467822.2355978,0,85422,0,GPS1_Frame,42.203288,-71.05291000000001,20.6,1.9,330521.48547501233,4674387.535195754,0.0,19,T
1675467823.2378173,0,85423,0,GPS1_Frame,42.203288,-71.05291000000001,20.6,1.9,330521.48547501233,4674387.535195754,0.0,19,T
1675467824.2379746,0,85424,0,GPS1_Frame,42.203288,-71.05291000000001,20.6,1.9,330521.48547501233,4674387.535195754,0.0,19,T
1675467825.2743187,0,85425,0,GPS1_Frame,42.203288,-71.052911,20.6,1.9,330521.4029162539,4674387.537183742,0.0,19,T
1675467826.238045,0,85426,0,GPS1_Frame,42.203288,-71.05291199999999,20.6,1.9,330521.32035749534,4674387.539171731,0.0,19,T
1675467827.2386642,0,85427,0,GPS1_Frame,42.203288,-71.05291299999999,20.6,1.9,330521.2377987348,4674387.54115972,0.0,19,T
1675467828.2396026,0,85428,0,GPS1_Frame,42.203287,-71.05291299999999,20.7,1.9,330521.2351249278,4674387.430119849,0.0,19,T
1675467829.2398293,0,85429,0,GPS1_Frame,42.203286,-71.052914,20.6,1.9,330521.14989235776,4674387.321067967,0.0,19,T
1675467830.2403817,0,85430,0,GPS1_Frame,42.203287,-71.052914,20.7,1.9,330521.1525661659,4674387.43210784,0.0,19,T
1675467831.241698,0,85431,0,GPS1_Frame,42.203287,-71.052914,20.7,1.9,330521.1525661659,4674387.43210784,0.0,19,T
1675467832.2422407,0,85432,0,GPS1_Frame,42.203287,-71.052914,20.7,1.9,330521.1525661659,4674387.43210784,0.0,19,T
1675467833.2410636,0,85433,0,GPS1_Frame,42.203287,-71.052914,20.6,1.9,330521.1525661659,4674387.43210784,0.0,19,T
1675467834.2420084,0,85434,0,GPS1_Frame,42.203286,-71.052914,20.6,1.9,330521.14989235776,4674387.321067967,0.0,19,T
1675467835.2439134,0,85435,0,GPS1_Frame,42.203286,-71.052914,20.7,1.9,330521.14989235776,4674387.321067967,0.0,19,T
1675467836.243464,0,85436,0,GPS1_Frame,42.203286,-71.05291299999999,20.6,1.9,330521.232451121,4674387.3190799765,0.0,19,T
1675467837.2427394,0,85437,0,GPS1_Frame,42.203286,-71.052914,20.6,1.9,330521.14989235776,4674387.321067967,0.0,19,T
1675467838.243245,0,85438,0,GPS1_Frame,42.203286,-71.052914,20.5,1.9,330521.14989235776,4674387.321067967,0.0,19,T
1675467839.243897,0,85439,0,GPS1_Frame,42.203286,-71.05291299999999,20.5,1.9,330521.232451121,4674387.3190799765,0.0,19,T
1675467840.2393775,0,85440,0,GPS1_Frame,42.203284999999994,-71.05290799999999,20.5,2.1,330521.64257113455,4674387.1981001645,0.0,19,T
1675467841.2416084,0,85441,0,GPS1_Frame,42.203283,-71.052904,20.5,2.0,330521.96745860035,4674386.968068488,0.0,19,T
1675467842.2407615,0,85442,0,GPS1_Frame,42.203281,-71.052899,20.5,2.2,330522.3749048568,4674386.736048848,0.0,19,T
1675467843.2392313,0,85443,0,GPS1_Frame,42.203279,-71.052896,20.5,1.9,330522.61723359494,4674386.508005179,0.0,19,T
1675467844.241408,0,85444,0,GPS1_Frame,42.203279,-71.052892,20.5,1.9,330522.9474686839,4674386.500053292,0.0,19,T
1675467845.2406814,0,85445,0,GPS1_Frame,42.203282,-71.05289,20.5,1.9,330523.12060755806,4674386.829196969,0.0,19,T
1675467846.241652,0,85446,0,GPS1_Frame,42.203284999999994,-71.052895,20.4,1.9,330522.71583506826,4674387.172256436,0.0,19,T
1675467847.2415876,0,85447,0,GPS1_Frame,42.203287,-71.052895,20.3,1.9,330522.72118263505,4674387.394336181,0.0,19,T
1675467848.2417948,0,85448,0,GPS1_Frame,42.203289000000005,-71.052895,20.3,1.9,330522.7265302021,4674387.616415924,0.0,19,T
1675467849.2415037,0,85449,0,GPS1_Frame,42.203289999999996,-71.052898,20.2,1.9,330522.4815277118,4674387.733419717,0.0,19,T
1675467850.2784648,0,85450,0,GPS1_Frame,42.203292000000005,-71.052902,20.2,1.9,330522.15664026776,4674387.963451373,0.0,19,T
1675467851.2419348,0,85451,0,GPS1_Frame,42.203292000000005,-71.052903,20.1,1.9,330522.0740815124,4674387.965439354,0.0,19,T
1675467852.2428281,0,85452,0,GPS1_Frame,42.203292000000005,-71.052903,20.1,1.9,330522.0740815124,4674387.965439354,0.0,19,T
1675467853.2426918,0,85453,0,GPS1_Frame,42.203292000000005,-71.052903,20.1,1.9,330522.0740815124,4674387.965439354,0.0,19,T
1675467854.242382,0,85454,0,GPS1_Frame,42.203292000000005,-71.052903,20.1,1.9,330522.0740815124,4674387.965439354,0.0,19,T
1675467855.2431908,0,85455,0,GPS1_Frame,42.203292000000005,-71.052903,20.1,1.9,330522.0740815124,4674387.965439354,0.0,19,T
1675467856.2439084,0,85456,0,GPS1_Frame,42.203292000000005,-71.052903,20.1,1.9,330522.0740815124,4674387.965439354,0.0,19,T
1675467857.24326,0,85457,0,GPS1_Frame,42.203292000000005,-71.052903,20.1,1.9,330522.0740815124,4674387.965439354,0.0,19,T
1675467858.2433174,0,85458,0,GPS1_Frame,42.203292000000005,-71.052903,20.1,1.9,330522.0740815124,4674387.965439354,0.0,19,T
1675467859.243734,0,85459,0,GPS1_Frame,42.203292000000005,-71.052903,20.1,1.9,330522.0740815124,4674387.965439354,0.0,19,T
1675467860.2437332,0,85460,0,GPS1_Frame,42.203292000000005,-71.052903,20.1,1.9,330522.0740815124,4674387.965439354,0.0,19,T
1675467861.2805357,0,85461,0,GPS1_Frame,42.203292000000005,-71.052903,20.1,1.9,330522.0740815124,4674387.965439354,0.0,19,T
1675467862.2430549,0,85462,0,GPS1_Frame,42.203292000000005,-71.052904,20.1,1.9,330521.9915227571,4674387.967427335,0.0,19,T
1675467863.2447526,0,85463,0,GPS1_Frame,42.203292000000005,-71.052904,20.1,1.9,330521.9915227571,4674387.967427335,0.0,19,T
1675467864.2452943,0,85464,0,GPS1_Frame,42.203292000000005,-71.052904,20.1,1.9,330521.9915227571,4674387.967427335,0.0,19,T
1675467865.2480798,0,85465,0,GPS1_Frame,42.203292000000005,-71.052903,20.1,1.9,330522.0740815124,4674387.965439354,0.0,19,T
1675467866.2496538,0,85466,0,GPS1_Frame,42.203292000000005,-71.052904,20.1,1.9,330521.9915227571,4674387.967427335,0.0,19,T
1675467867.251022,0,85467,0,GPS1_Frame,42.203292000000005,-71.052903,20.1,1.9,330522.0740815124,4674387.965439354,0.0,19,T
1675467868.2523391,0,85468,0,GPS1_Frame,42.203291,-71.052904,20.1,1.9,330521.98884896166,4674387.8563874625,0.0,19,T
1675467869.2532494,0,85469,0,GPS1_Frame,42.203291,-71.052904,20.0,1.9,330521.98884896166,4674387.8563874625,0.0,19,T
1675467870.255396,0,85470,0,GPS1_Frame,42.203291,-71.05290500000001,20.0,1.9,330521.906290205,4674387.858375445,0.0,19,T
1675467871.2954774,0,85471,0,GPS1_Frame,42.203291,-71.05290500000001,20.0,1.9,330521.906290205,4674387.858375445,0.0,19,T
1675467872.2968264,0,85472,0,GPS1_Frame,42.203291,-71.05290500000001,20.0,1.9,330521.906290205,4674387.858375445,0.0,19,T
1675467873.2609386,0,85473,0,GPS1_Frame,42.203291,-71.05290500000001,20.0,1.9,330521.906290205,4674387.858375445,0.0,19,T
1675467874.2619689,0,85474,0,GPS1_Frame,42.203292000000005,-71.052907,19.9,1.9,330521.7438464931,4674387.973391283,0.0,19,T
1675467875.2641633,0,85475,0,GPS1_Frame,42.203292000000005,-71.052909,19.8,1.9,330521.57872898236,4674387.977367255,0.0,19,T
1675467876.3021467,0,85476,0,GPS1_Frame,42.203293,-71.05291199999999,19.8,1.9,330521.33372652426,4674388.09437109,0.0,19,T
1675467877.267066,0,85477,0,GPS1_Frame,42.203291,-71.052914,19.9,1.9,330521.16326139914,4674387.876267326,0.0,19,T
1675467878.2669485,0,85478,0,GPS1_Frame,42.203293,-71.052917,19.9,1.9,330520.9209327558,4674388.104311049,0.0,19,T
1675467879.268826,0,85479,0,GPS1_Frame,42.203294,-71.052917,19.9,1.9,330520.9236065683,4674388.215350919,0.0,19,T
1675467880.269729,0,85480,0,GPS1_Frame,42.203294,-71.052917,19.9,1.9,330520.9236065683,4674388.215350919,0.0,19,T
1675467881.2704566,0,85481,0,GPS1_Frame,42.203294,-71.052917,19.9,1.9,330520.9236065683,4674388.215350919,0.0,19,T
1675467882.2712417,0,85482,0,GPS1_Frame,42.203294,-71.052917,19.9,1.9,330520.9236065683,4674388.215350919,0.0,19,T
1675467883.2737162,0,85483,0,GPS1_Frame,42.203294,-71.052917,19.9,1.9,330520.9236065683,4674388.215350919,0.0,19,T
1675467884.2745526,0,85484,0,GPS1_Frame,42.203294,-71.052917,19.9,1.9,330520.9236065683,4674388.215350919,0.0,19,T
1675467885.2747264,0,85485,0,GPS1_Frame,42.203293,-71.052917,19.9,1.9,330520.9209327558,4674388.104311049,0.0,19,T
1675467886.2756698,0,85486,0,GPS1_Frame,42.203293,-71.052917,19.9,1.9,330520.9209327558,4674388.104311049,0.0,19,T
1675467887.2774982,0,85487,0,GPS1_Frame,42.203293,-71.052917,19.9,1.9,330520.9209327558,4674388.104311049,0.0,19,T
1675467888.2793963,0,85488,0,GPS1_Frame,42.203293,-71.052917,19.9,1.9,330520.9209327558,4674388.104311049,0.0,19,T
1675467889.2801423,0,85489,0,GPS1_Frame,42.203293,-71.052917,19.9,1.9,330520.9209327558,4674388.104311049,0.0,19,T
1675467890.279733,0,85490,0,GPS1_Frame,42.203293,-71.052917,19.9,1.9,330520.9209327558,4674388.104311049,0.0,19,T
1675467891.2802553,0,85491,0,GPS1_Frame,42.203294,-71.052922,19.7,1.9,330520.5108128042,4674388.225290903,0.0,19,T
1675467892.2814593,0,85492,0,GPS1_Frame,42.203293,-71.05292999999999,19.8,1.9,330519.8476689541,4674388.130155056,0.0,19,T
1675467893.2823753,0,85493,0,GPS1_Frame,42.203289999999996,-71.052935,19.6,1.9,330519.42685367784,4674387.806975485,0.0,19,T
1675467894.2845757,0,85494,0,GPS1_Frame,42.203289999999996,-71.052935,19.6,1.9,330519.42685367784,4674387.806975485,0.0,19,T
1675467895.2857592,0,85495,0,GPS1_Frame,42.203289999999996,-71.052935,19.6,1.9,330519.42685367784,4674387.806975485,0.0,19,T
1675467896.2860992,0,85496,0,GPS1_Frame,42.203289999999996,-71.052935,19.6,1.9,330519.42685367784,4674387.806975485,0.0,19,T
1675467897.2846541,0,85497,0,GPS1_Frame,42.203289999999996,-71.05293800000001,19.4,1.9,330519.17917740345,4674387.812939524,0.0,19,T
1675467898.2860446,0,85498,0,GPS1_Frame,42.203289999999996,-71.05293800000001,19.4,1.9,330519.17917740345,4674387.812939524,0.0,19,T
1675467899.2869613,0,85499,0,GPS1_Frame,42.203289999999996,-71.05293800000001,19.4,1.9,330519.17917740345,4674387.812939524,0.0,19,T
1675467900.287618,0,85500,0,GPS1_Frame,42.203289999999996,-71.05293800000001,19.4,1.9,330519.17917740345,4674387.812939524,0.0,19,T
1675467901.3290727,0,85501,0,GPS1_Frame,42.203289999999996,-71.05293800000001,19.4,1.9,330519.17917740345,4674387.812939524,0.0,19,T
1675467902.2888985,0,85502,0,GPS1_Frame,42.203289999999996,-71.05293800000001,19.4,1.9,330519.17917740345,4674387.812939524,0.0,19,T
1675467903.2888846,0,85503,0,GPS1_Frame,42.203293,-71.052941,19.4,1.9,330518.93952266,4674388.15202319,0.0,19,T
